task_no ,ewc_lambda, lr, acc_old_tasks, acc_new_task, new_data_size
1, 0.000000, 0.001000, 97.280000, 31.816667, 6000
1, 1.000000, 0.001000, 97.710000, 24.300000, 6000
1, 2.000000, 0.001000, 97.740000, 21.866667, 6000
1, 3.000000, 0.001000, 97.830000, 20.850000, 6000
1, 4.000000, 0.001000, 97.870000, 20.483333, 6000
1, 5.000000, 0.001000, 97.920000, 18.966667, 6000
1, 6.000000, 0.001000, 97.930000, 19.066667, 6000
1, 7.000000, 0.001000, 97.870000, 20.233333, 6000
1, 8.000000, 0.001000, 97.930000, 20.016667, 6000
1, 9.000000, 0.001000, 97.920000, 19.816667, 6000
1, 10.000000, 0.001000, 97.960000, 18.616667, 6000
1, 11.000000, 0.001000, 97.950000, 18.050000, 6000
1, 12.000000, 0.001000, 97.950000, 18.100000, 6000
1, 13.000000, 0.001000, 97.950000, 18.850000, 6000
1, 14.000000, 0.001000, 97.970000, 18.350000, 6000
1, 15.000000, 0.001000, 97.940000, 18.016667, 6000
1, 16.000000, 0.001000, 97.920000, 18.216667, 6000
1, 17.000000, 0.001000, 97.980000, 17.933333, 6000
1, 18.000000, 0.001000, 97.960000, 17.883333, 6000
1, 19.000000, 0.001000, 97.980000, 18.333333, 6000
